{"cameraMode":{"drawMode":0,"name":"Shaded","section":"Shading Mode"},"sceneLighting":true,"audioPlay":false,"sceneViewState":{"showFog":true,"showMaterialUpdate":false,"showSkybox":true,"showFlares":true,"showImageEffects":true,"showParticleSystems":true,"showVisualEffectGraphs":true,"m_FxEnabled":true},"in2DMode":false,"pivot":{"x":1.1780238151550294,"y":1.2967844009399415,"z":3.5482277870178224},"rotation":{"x":-0.07752901315689087,"y":0.9087435603141785,"z":-0.19541165232658387,"w":-0.36054128408432009},"size":15.936029434204102,"orthographic":false}